id,email
6743,qualityassurance@teampbs.com
10627,qualityassurance@teampbs.com
10625,qualityassurance@teampbs.com
10619,qualityassurance@teampbs.com
10623,qualityassurance@teampbs.com
10622,qualityassurance@teampbs.com
10624,qualityassurance@teampbs.com
10620,qualityassurance@teampbs.com
10618,qualityassurance@teampbs.com
10626,qualityassurance@teampbs.com
10621,qualityassurance@teampbs.com
7467,qualityassurance@teampbs.com
5965,info@drgreenfield.com
10568,office@hetheringtontherapy.com
10631,support@thriveworks.com
10632,support@thriveworks.com
10633,support@thriveworks.com
10629,support@thriveworks.com
10630,support@thriveworks.com
10634,support@thriveworks.com
6936,support@thriveworks.com
8332,support@thriveworks.com
8433,support@thriveworks.com
5883,support@thriveworks.com
6540,support@thriveworks.com
8488,support@thriveworks.com
8229,support@thriveworks.com
9084,support@thriveworks.com
8465,support@thriveworks.com
8353,support@thriveworks.com
6276,info@arc-gateway.org
6040,compliance@hopebridge.com
7095,compliance@hopebridge.com
9125,compliance@hopebridge.com
7119,compliance@hopebridge.com
6572,kim.dawson@impactforkids.org
8934,levyarc@bellsouth.net
6448,info@dosomethinggreatthisweek.com
8672,admin@atbx.org
8889,3steptherapy@gmail.com
6866,cathilong@clearwater360counseling.com
9777,info@360rehabservices.com
6650,info@3dtherapyfl.com
10474,info@4pawsforability.org
9267,7sensestherapy@gmail.com
7030,ndraisherobinson@gmail.com
7449,shawndre@abettertomorrowcounseling.net
6728,info@abrightstarttherapy.com
6574,wellness@helpinghandinc.org
7203,lisaellislmhc@outlook.com
6611,admin@atimetochangecounselingcenter.com
7486,info@atouchofhopeot.com
9317,info@atouchofhopeot.com
6780,info@atcp.org
9467,office@amtherapyinc.com
9316,marla@aplushandwriting.com
10286,mail@aplustherapypros.com
7151,aamentalhealth.office@gmail.com
7433,abagrowthandconnection@gmail.com
7353,officeassistant@abasolutionsinc.com
5829,info@hopecenteraba.com
8815,mcdsinforequest@gmail.com
9047,info@lucioandlucas.com
6725,natalia@onupbehavior.com
6693,info@reflectionhealthgroup.com
6948,info@abasolutions.org
9017,info@abaway.net
10306,pediatricdc@abbyppec.com
7417,abcbehavioralservices@gmail.com
7222,lisgofe@yahoo.es
10174,abilitytreelc@gmail.com
6643,admin@abilityplusmentalhealth.com
10307,office@abilityplustherapy.com
8569,fitness_guy77@yahoo.com
8558,hello@rfuenzalida.com
6828,academy4autism@hotmail.com
6765,info@acastherapy.com
8857,yenal3523@yahoo.com
7282,info@acceptfl.com
9580,office.accucare@gmail.com
6833,phillipweil@acgtherapycenter.com
10263,info@achievepediatrictherapy.com
8802,info@achievetherapycenter.com
6523,info@arcjacksonville.org
7291,info@arcjacksonville.org
8952,info@acornhealth.com
6756,info@acornhealth.com
6536,info@acornhealth.com
7088,info@acornhealth.com
6622,info@acornhealth.com
8118,info@acquiringskills.com
8508,accrossthespectrum@gmail.com
10373,accrossthespectrum@gmail.com
7218,admin@act4me.org
9680,info@actionphysical.com
9718,mick@activefamilypt.com
9548,info@activehealthjax.com
10171,info@zenb.ae
9774,info@website.com
7054,info@adapt-fl.com
8811,info@adaptivecenter.net
8505,carly@adaptivemindtherapy.com
9450,info@advancetherapycenter.com
9744,info@advancetherapycenter.com
10252,advancetherapyworks@gmail.com
6777,crystal.vanalstine@yahoo.com
7224,info@abdbehavior.com
8964,info@abdbehavior.com
10008,contactus@h2health.com
10128,contactus@h2health.com
10063,contactus@h2health.com
10201,contactus@h2health.com
10218,contactus@h2health.com
10134,contactus@h2health.com
10027,contactus@h2health.com
10023,contactus@h2health.com
10031,contactus@h2health.com
10253,contactus@h2health.com
10291,contactus@h2health.com
10292,contactus@h2health.com
10293,contactus@h2health.com
10294,contactus@h2health.com
10295,contactus@h2health.com
7209,contactus@h2health.com
10251,contactus@h2health.com
10105,contactus@h2health.com
10100,contactus@h2health.com
10088,contactus@h2health.com
10087,contactus@h2health.com
10089,contactus@h2health.com
10149,contactus@h2health.com
10101,contactus@h2health.com
10093,contactus@h2health.com
10104,contactus@h2health.com
10239,contactus@h2health.com
9578,info@iptmiami.com
9460,info@iptmiami.com
7027,info@advancedtherapyandtesting.com
6898,carolina@aermentalhealth.com
6711,info@affluentlearningcenter.com
5881,info@blackdisabilitycenter.org
9583,drkanz@agelesspt.com
10344,info@awchservices.com
10289,esaie@aimrehabservices.com
10248,therapy@aklactive.com
6840,therapy@aklactive.com
9740,hello@alkemesportsrx.com
9665,hello@alkemesportsrx.com
9402,angelina@aaktherapy.com
7494,allaboutmesupports@aol.com
7169,admin@allinmentalhealth.com
6722,info@indiantypefoundry.com
6549,info@allsupportservicing.com
9372,info@atcspeechtherapy.com
10232,jenny@alltogetherwellness.net
7239,admin@all-starspeech.com
9756,info@alliedpt.com
9251,catherinehuey22@gmail.com
6035,assistant@alos.org
6695,alternativespeech@yahoo.com
10406,info@alwayskeepprogressing.com
7259,info@alwayskeepprogressing.com
9408,info@alwayskeepprogressing.com
9309,info@alyssafreycst.com
6532,hello@rfuenzalida.com
10133,info@ameri-carepro.com
9121,info@myautism.org
9130,info@amortherapyservices.com
10249,info@amptherapyfl.com
8869,aaron@amplifytherapeuticservices.com
7471,ksullivan.lcsw@gmail.com
9458,anatomyphysicaltherapy@gmail.com
7160,info@anewlifeccgroup.com
6889,info@angelicsteps.com
8902,info@angelsreachacademy.com
6571,info@annstorckcenter.org
8571,info@annstorckcenter.org
8717,anne@annetierneylcsw.com
9703,trehabspecialist@gmail.com
9780,trehabspecialist@gmail.com
9445,info@apexptflorida.com
9784,info@apexptflorida.com
9970,apexrehabandtraining@gmail.com
9930,pbfl@apexnetworkpt.com
8797,portalrequest@apghealth.com
9351,lovelyotd@gmail.com
9568,info@apollo-rehab.com
9783,info@apollo-rehab.com
9640,info@apollo-rehab.com
9220,contact@applepatchtherapy.com
8800,admin@appliedbehavior.net
9262,info@aprendocreciendo.com
8845,jstewart@arcbroward.com
10364,jstewart@arcbroward.com
7231,office@areastage.org
7358,info@ascendfl.com
9432,alex@ascendptp.com
7163,info@ascendswfl.com
6591,contact@asgo.org
6654,info@asmtherapy.com
6770,info@aspirehp.org
9779,admin@asrsportsmedicine.com
7114,coe-alec@fsu.edu
6852,ahi@assuranceofhope.org
9891,info@astromedicalcenter.com
8923,info@atalacounseling.com
6713,info@athenaschoolpsy.com
9808,info@atlanticrehabcenter.com
9871,info@atlanticrehabcenter.com
9429,info@atlasphysical.com
6577,info@audrawalsh.com
9550,frontdesk@australianpt.com
6561,hello@authenticselfjax.com
7387,info@monarchbehavior.com
10343,info@aastampa.org
6666,support@autismnavigator.com
6546,contact@appbc.org
6547,info@autismspecialtygroup.com
5818,newintake@practice-mgmt.com
7424,fernando.campos@a-gtherapy.com
8676,info@avardlaw.com
10297,compliance@aveanna.com
9232,admin@avectherapy.com
9742,info@avionpt.com
9900,office@axispropt.com
9834,office@axispropt.com
10296,info@azultherapyservices.com
10310,info@azultherapyservices.com
7243,info@azultherapyservices.com
10154,info@azultherapyservices.com
10298,bernie@kidstherapro.com
9694,u00a0drcaragiusti@b3pt.com
9587,info@backtohealthpt.com
9592,coralsprings@backtomind.com
9591,coralsprings@backtomind.com
8457,baservices@baracusahealth.com
9215,barnetttherapy@icloud.com
9825,barrpt@bellsouth.net
10267,talentacquisition@baycare.org
5861,talentacquisition@baycare.org
10050,talentacquisition@baycare.org
9670,talentacquisition@baycare.org
10210,talentacquisition@baycare.org
9701,talentacquisition@baycare.org
10216,talentacquisition@baycare.org
9539,tom@basephysicaltherapy.com
6681,info@bassautism.com
9169,info@bassautism.com
9171,info@bassautism.com
10394,info@bassautism.com
9172,info@bassautism.com
6670,info@bassautism.com
8574,info@bayviewtherapy.com
7287,info@bayviewtherapy.com
9833,beboldperformance@gmail.com
9032,hello@rfuenzalida.com
9441,info@bemedpt.com
10222,hello@bestrongtherapy.com
9297,info@beachesnaturetherapy.com
8484,info@beachway.com
7898,info@beachwoodri.org
10325,info@beaconpediatric.com
7306,info@beansbehavior.com
7009,info@ababeautifulminds.com
10265,info@beckmanandassociates.com
7451,info@beemetherapy.com
9286,admin@beeyondplay.com
5819,vasb@orunivbe-nanylfvf.bet
6557,vasb@orunivbe-nanylfvf.bet
6906,contact@behavioranalysissolutions.com
8862,info@behaviorassociates.org
7263,info@behaviorbloomllc.com
7459,bmcservices@bmcsoutheast.com
7155,info@bhavioralcorporation.com
8493,admin@behavioralfoundation.org
8809,info@behavioralinitiatives.com
8442,firstlastname@gmail.com
7124,contact@behavioralprogression.com
9137,behavioralsa@gmail.com
8454,julieth.araujo@behavioraltherapyinstitute.com
6688,dianne@believehopeinspire.com
9648,office@believetherapy.com
9608,ccook@bespokept.us
6968,learnmore@bbs.center
6614,info@bettercarecounseling.com
9499,sample@betterlifephysicaltherapy.com
7078,sancia@blscounseling.net
7442,info@betterperspectivecounseling.com
9222,betterspeechofpb@gmail.com
10398,maybelin@beyondspeakingrehab.com
10309,referrals@centralfltherapy.com
7483,info@atfipro.com
6738,bg.clinical.intervention@hotmail.com
10110,miami@bigbearacademyppec.com
10059,miami@bigbearacademyppec.com
9538,info@bigbendpt.com
9412,info@bilingualkeytherapy.com
8657,info@bilingualkeytherapy.com
6800,info@bstcflorida.com
10190,info@bitbybittherapy.org
6897,blackswancounselingservices@gmail.com
8965,info@bmmaba.com
7419,info@bmmaba.com
7121,bbbehavioral@gmail.com
9358,info@jaxbloom.com
9957,contact@bloompelvictherapy.com
6733,info@blooming-aba.com
6888,hello@blossomabaco.com
9182,info@blossomspeechlanguage.com
8879,bluecaretherapy@gmail.com
8846,blue@bluecatneuro.net
7067,info@bluemindsllc.com
6909,abatherapy@bluepeninsulaaba.com
9508,pediatrics@bluewavemedicalassociates.com
6942,deborah@blumcounselinggroup.com
9560,dr.meghanbraun@bodymechpt.com
9541,drbrandon@tallahasseept.com
9473,hi@mystore.com
9950,referrals@bolanosassociates.com
10098,hello@boldchildco.com
9716,info@boldcitytherapy.com
9594,coralsprings@bouncebackphysical.com
5827,williams@bbisf.com
6966,support@braingainstherapy.com
9414,info@breakthroughtherapyservices.com
6014,info@breakthroughtherapyservices.com
9411,info@breakthroughtherapyservices.com
6972,eben@eyebytes.com
9612,contact@bridgeptp.com
9349,info@bridgespeech.com
7391,hello@mybridgetherapy.com
8542,hello@mybridgetherapy.com
8725,admin@psychgrouptb.com
10040,info@bridgingthepieces.com
8813,amandagarciabehavior@gmail.com
5858,contact@brightjourneytherapy.com
6703,ymorales@brightkidsbehavior.com
9102,info@brighterdaypsych.com
9843,info@brighterdaysppec.com
9374,brightsidetherapyllc@gmail.com
9312,admin@brightstonetherapy.com
8199,documentation@brilliantbrainsbehavior.com
9357,admin@broadhorizonsspeech.com
9666,info@browardpt.com
6921,admin@bryterway-aba.com
7337,admin@buildingblocks-appliedbehavioral.com
7686,butterflystable@gmail.com
6814,micah@micahrich.com
9377,manager@candotherapies.com
6604,jshields@canopy-counseling.com
6034,info@capspeech.com
6576,cindy@capespeechtherapy.com
5849,hello@tallyspeech.com
9879,info@cardioflextherapy.com
10151,hotline@cofk.com
10245,hotline@cofk.com
10030,hotline@cofk.com
9787,info@caressh.com
9733,info@carewellnesscenter.com
9693,administration@care360physicaltherapy.com
9044,info@mydacil.org
7497,info@caringheartsbehavioralhealth.com
8579,info@caringtherapistsofbroward.com
7809,info@caringtherapistsofbroward.com
8580,info@caringtherapistsofbroward.com
8581,info@caringtherapistsofbroward.com
6635,info@caringtherapistsofbroward.com
10374,info@carlyletherapy.com
6648,thespeechretreat@gmail.com
9333,info@catchinguptherapy.com
9642,cathyorlandopt@gmail.com
7247,drlavadopsyd@gmail.com
7507,info@ceco.org
8839,administration@clpa13.com
6566,info@cilorlando.org
7650,help@plantationpsychologists.com
9252,ksmeds@bellsouth.net
9020,frontdesk@centerforspeechorlando.com
9197,contact@cfshc.org
10163,info@cftherapy.com
10036,cfts-inc@cfl.rr.com
10039,cfts-inc@cfl.rr.com
7653,info@challengesconqueredcounseling.com
9422,drd@championchiropractic.com
9675,email@address.com
7484,info@championsclub.org
9337,impallari@gmail.com
6583,4childadvancement@gmail.com
6615,info@indiantypefoundry.com
5831,cherice@childpsychtampa.com
9343,childlifetherapy@earthlink.net
5830,info@childtherapypc.com
9415,abc@childgardens.com
6984,abc@childgardens.com
9335,info@childreninmotion.net
5788,info@cac-swfl.org
6844,intake@childrensbehaviortherapy.com
6835,grayson@childrenscommunication.com
9365,grayson@childrenscommunication.com
9240,info@childrenslove.care
10383,info@childrenspremiertherapy.com
10006,info@childrensrehabppec.com
6967,info@childrensrehabppec.com
9360,hello@positivedevelopment.com
9353,hello@positivedevelopment.com
9067,info@cscbroward.org
10043,cti.ninah@gmail.com
9799,office@ctaflorida.com
7510,info@cicilycares.com
9856,info@citimed.com
6737,info@clarity-psychology.com
9595,info@backtohealthpt.com
6531,dtrain@clearcommtherapy.com
9629,info@clearpassage.com
9211,info@clermontspeechlanguage.com
9469,info@clowintegratedmedicalcenter.com
8378,admin@coastalneuropsychology.com
8489,info@coastaltherapy.net
8578,info@coastaltherapy.net
6949,questions@cocoabeachpsychology.com
6876,info@coconutcreektherapy.com
7477,inquiries@collaborative-solutions.org
9375,info@communicatespeechtherapy.com
9185,info@commcornertherapy.com
9361,contact@communicationtherapyclinic.com
9175,erika@communikidsmiami.com
9809,info@completetherapyusa.com
9526,info@wearecomplex.com
9135,info@comprehensive-assessment.com
6803,info@old.cpascounseling.com
8796,aba@confidentmindsllc.com
9624,info@vju.mxi.mybluehost.me
7285,connections@connectedpb.com
6490,info@connections-therapy.com
7295,contact@consumernotice.org
9031,admin@contemporarylearningcenter.com
9206,adam@coolkidztherapy.com
9980,patientbilling@corahealth.com
9846,patientbilling@corahealth.com
9940,patientbilling@corahealth.com
9974,patientbilling@corahealth.com
9805,patientbilling@corahealth.com
9868,patientbilling@corahealth.com
9975,patientbilling@corahealth.com
9870,patientbilling@corahealth.com
9890,patientbilling@corahealth.com
9963,patientbilling@corahealth.com
9941,patientbilling@corahealth.com
9812,patientbilling@corahealth.com
9865,patientbilling@corahealth.com
9832,patientbilling@corahealth.com
9854,patientbilling@corahealth.com
9938,patientbilling@corahealth.com
9977,patientbilling@corahealth.com
9817,patientbilling@corahealth.com
9816,patientbilling@corahealth.com
9898,patientbilling@corahealth.com
9896,patientbilling@corahealth.com
9857,patientbilling@corahealth.com
9961,patientbilling@corahealth.com
9919,patientbilling@corahealth.com
9823,patientbilling@corahealth.com
9819,patientbilling@corahealth.com
9934,patientbilling@corahealth.com
9880,patientbilling@corahealth.com
9910,patientbilling@corahealth.com
9862,patientbilling@corahealth.com
9863,patientbilling@corahealth.com
9916,patientbilling@corahealth.com
9901,patientbilling@corahealth.com
9851,patientbilling@corahealth.com
9915,patientbilling@corahealth.com
9845,patientbilling@corahealth.com
9949,patientbilling@corahealth.com
9838,patientbilling@corahealth.com
9969,patientbilling@corahealth.com
9917,patientbilling@corahealth.com
9831,patientbilling@corahealth.com
10108,patientbilling@corahealth.com
9951,patientbilling@corahealth.com
9996,patientbilling@corahealth.com
9853,patientbilling@corahealth.com
9921,patientbilling@corahealth.com
9288,info@corepediatrictherapy.com
9495,corestrongdpt@gmail.com
9645,hello@corevaluesptorlando.com
9505,hello@corevaluesptorlando.com
9138,terri@specialeducationsolutions.net
10280,4kids@cornerstonetherapy1.com
5853,reception@cwcsf.com
6752,help@counseling-therapy.org
8166,jbgibson.creation@gmail.com
7028,support@creativemindsfla.com
6567,ineedspeech@gmail.com
9702,info@crossoverptp.com
5967,info@crossroadscorral.org
7319,crystalangelsbehavior@aol.com
6636,ycaraballo@csbehavioralmiami.com
5840,hello@cultivatebhe.com
7140,hello@cultivatebhe.com
9166,hello@cultivatebhe.com
7136,info@ddbehaviorpsl.com
7360,info@ddbehaviorpsl.com
6979,team@latofonts.com
9318,abasupport@dacare.net
10041,dailymiraclesppec@gmail.com
9991,patientrelations@watsonclinic.com
9990,patientrelations@watsonclinic.com
9108,patientrelations@watsonclinic.com
9992,patientrelations@watsonclinic.com
9993,patientrelations@watsonclinic.com
9965,patientrelations@watsonclinic.com
9964,patientrelations@watsonclinic.com
9855,patientrelations@watsonclinic.com
8991,info@damroncounseling.com
7313,info@danmarinofoundation.org
9088,info@dandelionbehavioral.com
9239,dargrayslp@gmail.com
7019,counseling@joinedwithjesus.org
10016,elena@dazzlingkidstherapy.com
8888,some@gmail.com
8560,therapy@dedicatedpediatrictherapy.com
8292,hello@deeplyrootedpsychotherapyllc.com
10132,contact@deiatherapy.com
6590,contact@deliverthedream.org
9514,info@deltaperformanceandrehab.com
9794,kinesiology@ucf.edu
6778,ctmyers@phhp.ufl.edu
9209,info@designtherapyofmiami.com
5838,dabs@appliedbhs.com
6701,developmentaltherapiesbeyond@gmail.com
9554,info@directorthopedictherapy.com
7373,askeh@flhealth.gov
7320,askeh@flhealth.gov
7304,info@discoverypsychologyservices.com
7470,therapy@divinesss.com
9289,dowh@doctorofwomenshealth.com
6794,contact@dovebehavioralhealth.com
7241,info@dsacf.org
9651,hi@typemade.mx
9126,contact@drgeorgezaky.com
7055,gjimenez@drjimeneztesting.com
6791,jenniferbrandonoffice@gmail.com
7382,admin@drkristinedwards.com
7615,drpams55@gmail.com
10242,contact@doctorphysiotw.com
9789,dr.robpoliszuk@gmail.com
8589,support@inharmony.com
8905,support@inharmony.com
8601,drmvmnt@gmail.com
10010,care@dhbtherapymiami.com
9299,info@dreamppec.com
9931,dynamicduopt@outlook.com
7505,info@dynamikshomecare.com
7223,info@earlyaba.com
9274,earlyinterventionclinic1@gmail.com
10202,earlyinterventionsolutionsllc@gmail.com
9359,info@earlypathpediatric.com
6036,lloosle@educationalbrains.com
9494,fernando@effectivept.com
8437,rabbi@elazarbloom.com
10346,admin@elementscares.com
9027,info@elevatetherapycenter.com
9485,info@elitephysicaltherapyassoc.com
6526,info@embraceabawpb.com
7406,support@embracinglifetoday.com
8971,help@embridgecounselingservices.com
9083,roxana@renewyourmindcounseling.com
6772,andrewot@emeraldhillshandtherapy.com
8259,lisa@emeraldmtherapeuticridingcenter.org
7008,egray@emilykgraymft.com
7150,contact@clearmindsetcounselingcenter.com
9480,impallari@gmail.com
9727,info@empowerherpt.com
9769,admin@empowertampa.com
9630,hello@empowerwomenspt.com
7031,impallari@gmail.com
10268,voe@encompasshealth.com
10384,endrangepr@gmail.com
6812,therapy@enrichment-services.com
6986,scheduling@ensobhc.com
9472,envisionphysicaltherapy@yahoo.com
6989,erin.solem.lcsw@gmail.com
8320,rhonda@equineassistedhealing.com
7824,info@equineatsf.org
6742,contact@essentialskillstherapy.com
9579,dr.rosenfieldept@gmail.com
7366,info@evolutionstreatment.com
6937,admin@evolvebehaviortherapyservices.com
9765,info@evolveprtampa.com
7042,info@evolvingmindstogether.com
6739,clientservice@evolvingstrong.com
9386,info@exceptionalspeechtherapy.com
7099,info@exceptionaltherapies.com
7335,bill@experiencematterscounseling.com
7397,info@handtherapy.com
9380,info@expressions4kids.com
10052,extendedkc@gmail.com
9700,extramilerehab@gmail.com
10167,admin@fitpt.org
9952,info@fitptot.com
6718,info@faast.org
9793,info@famespeechandmyo.com
7189,info@familiesfirstpbc.org
7368,info@fccsprings.com
9099,info@febhs.org
10075,info@familyfirsttherapyinc.com
6610,info@fi-florida.org
8452,eduardoleal7321@gmail.com
7422,info@familytherapybehavior.com
8924,csfc@fashionablecanes.com
6353,info@fatajtlc.com
10136,chris@sectorfive.com
8960,contact@figuresofspeechtherapy.com
6633,request@findpeacebypiece.com
10314,info@fkppec.com
7383,info@fkppec.com
10048,info@fkppec.com
9655,firstrehabnpb@gmail.com
9086,fstasst@gmail.com
10084,fstasst@gmail.com
6677,fstasst@gmail.com
10315,fstasst@gmail.com
10029,fstasst@gmail.com
8596,support@firstwordsproject.com
7141,support@firstwordsproject.com
7437,info@firstwordstherapy.com
9958,frontdesk@fit4lifetampa.com
9628,info@fivebranchhealth.com
9728,fixitphysicaltherapy@gmail.com
9824,info@florehabcenter.com
9997,info@florehabcenter.com
7060,juliannecounseling@gmail.com
6834,info@floridacils.org
6985,info@faceprogram.org
7046,fddc@fddc.org
9310,diana@floridahandtherapy.com
9321,diana@floridahandtherapy.com
7345,info@keraltybh.com
7355,fzirps@fcrr.org
10169,info@flmtc.com
9893,rehab@fohcpt.com
9669,info@floridaphysio.com
8450,info@flpsychiatry.com
6970,gsloman@flpsychcenter.com
9176,frpg@ymail.com
9807,eben@eyebytes.com
9772,info@healerspt.com
9459,info@forcesportstherapy.com
9448,info@forcesportstherapy.com
9771,info@forcesportstherapy.com
9524,info@forcesportstherapy.com
9475,info@forgeperformancept.com
6947,info@aofba.org
9673,foundationphysicaltherapy@gmail.com
6971,hello@foundationstherapy.net
7267,info@foundationstherapy.com
9897,admin@foxpt.com
9804,admin@foxpt.com
9512,%20freemotiontherapy@gmail.com
5964,info@freedomride.com
7190,freedomtospeakny@gmail.com
9208,frpcentre@yahoo.com
7411,conferencecenter@fsu.edu
9265,autism@med.fsu.edu
10312,cec.rap@gmail.com
9046,mdcinfo@csw.fsu.edu
6730,webmaster@psy.fsu.edu
9235,fsucomdis@cci.fsu.edu
6938,fsucomdis@cci.fsu.edu
9202,email@gmail.com
7272,maria@fullpotentialcounseling.com
9652,dralli@funpt4kids.com
6996,info@funtherapysolutions.com
10264,fussiontherapyinc@gmail.com
6977,fussiontherapyinc@gmail.com
7065,office@gainesvillecounselingcenter.com
8995,admin@gainesvillehealinghouse.com
7020,info@goclubhouse.org
9758,info@gainesvillephysicaltherapy.com
7035,gardenedmindtherapy@gmail.com
7605,info@garellekcounseling.com
5841,generalbehavioranalysis@gmail.com
9869,email.generations@gmail.com
10473,info@genesisassistancedogsinc.org
6070,giftedkidstherapy@gmail.com
8947,info@gigisplayhouse.org
9131,info@gigisplayhouse.org
5874,giveback@giveabuck.org
6682,help@globalspeechandrehab.com
9886,info@goldcoastpt.com
9493,info@goldcoastpt.com
9790,info@goldcoastpt.com
9775,info@goldcoastpt.com
8455,admgoldenphoenixmh@goldenphoenixmh.com
9570,info@phloxbusiness.com
7985,info@mysite.com
10250,roanokegsr@greatstridesrehab.com
9762,office@daytonapt.com
7414,info@greenbrooktms.com
8723,info@groundworkcounseling.com
9226,cortney@grovecommunicationtherapy.com
7249,coconutgrovetherapy@gmail.com
6802,khoppes@growplaypediatrictherapy.com
7164,growtogetherfamilytherapy@gmail.com
7052,wellness@gettherapy.org
7106,info@guardianhaven.com
9223,info@gulfcoasttherapies.com
5791,info@gulfshorebh.com
8597,info@gulfshorebh.com
9525,info@h2tpt.com
10353,info@h2tpt.com
8039,impallari@gmail.com
6935,itsecurityservices@halifax.org
9463,contact@hammerosm.com
5782,handspecialists@bellsouth.net
10019,happykidsppec@gmail.com
6584,info@happyplaytherapy.com
6943,thekidcoachlakeland@gmail.com
10369,info@hupcfl.com
8554,info@hupcfl.com
8555,info@hupcfl.com
6496,info@hupcfl.com
6551,info@myhealinghorizons.com
6120,info@healingpawsfl.com
6855,info@healingwordstherapy.com
9563,admin@healthrehab.com
10071,inquirybrandon@healthpropediatrics.com
10219,inquirybrandon@healthpropediatrics.com
10326,inquirybrandon@healthpropediatrics.com
10331,inquirylakeland@healthpropediatrics.com
10332,inquirylakeland@healthpropediatrics.com
10269,inquirylakeland@healthpropediatrics.com
9619,info@healthspanrecovery.com
10045,info@heart4kidstherapy.com
10065,info@heart4kidstherapy.com
10044,info@heart4kidstherapy.com
8066,helpinghandsclinic@gmail.com
7251,helpinglittlegiants@gmail.com
9678,info@hdzhealthcare.com
9483,ortho4055@gmail.com
6881,info@hiddenpotentialflorida.com
6678,info@indiantypefoundry.com
7193,info@indiantypefoundry.com
9626,honormurphypt@gmail.com
7775,info@indiantypefoundry.com
9109,contact@hopecounselingeap.com
6910,mskane@hopereconstruction.com
9999,contact@hopefultherapies.com
9048,contact@hopefultherapies.com
10161,hpcppec@gmail.com
6593,hpcppec@gmail.com
7148,info@hdcinc.org
6753,icangrowababehaviortherapy@gmail.com
7475,florida@iloveabalakeland.com
6923,info@irockbehavior.com
6740,k.lowry@iboscounseling.com
7038,itsforkids@aol.com
6027,info@imindmental.com
8812,info@imindmental.com
9791,info@impacthealthnow.com
9527,info@impactptmiami.com
6891,incommunitycounseling@gmail.com
8848,inmotionaba@gmail.com
10403,info@inmotionorlando.com
10327,inyourhandsbehavior@gmail.com
7352,cg.inarahealth@gmail.com
6767,s.ford@indigokidsbehavior.com
8547,info@infiniteabilitiesaba.com
10329,info@iplcmiami.com
9547,info@mymanualpt.com
9077,info@innovativetherapysvcs.com
9695,inspirehealthpt@gmail.com
8434,info@inspirevisiontherapy.net
8829,lspenceleylmhc@gmail.com
7311,info@integratedchildrens.com
10199,hello@rfuenzalida.com
8428,integrativelifetherapies@gmail.com
9491,info@integrityspinetlh.com
6581,info@yourtherapyhome.com
9844,info@intuitivetherapiespelvichealth.com
9634,eben@eyebytes.com
7575,rmohler@islandcovebp.org
6489,contact@ibwhc.com
7029,office@ittakesavillageaba.com
10566,stacey@jabberjawkids.com
7097,info@ndiscovered.com
9234,info@jsakids.org
7215,eben@eyebytes.com
5786,justin@jafco.org
9420,grove@jaguartherapy.com
9770,grove@jaguartherapy.com
6816,info@jdtheot.com
9443,tammy@jointimplant.com
9399,joleen@joleenfernald.com
6550,info@jfsbroward.org
6839,info@journeycenterjax.com
10345,miamifl@jovie.com
9540,info@joyoftherapypt.com
10051,joyfulmotion@msn.com
8940,info@joyfulmusictherapy.com
9237,jcstherapy0@gmail.com
10237,referrals@jumpstartppec.com
8306,info@junocounseling.com
9830,admin@justforkidztherapy.com
9409,hello@jrpediatrics.com
6894,jonpinhorn.typedesign@gmail.com
10468,info@k9sforwarriors.org
8568,info@thepiecefits.com
8374,info@katiemerrickscounseling.com
6585,support@lighthousepsychology.health
5982,coordinator@katzpsychology.com
9331,info@kslc.net
9143,hello@kiddolandtherapy.com
7252,carly@kidnection.co
9366,info@kidschattherapy.com
10166,info@kidsfirsttc.com
7281,infokidslabtherapy@gmail.com
7631,servers@gp.marketing
10160,info@kpppec.com
10220,therapy@kidsspotrehab.com
10243,therapy@kidsspotrehab.com
8980,therapy@kidsspotrehab.com
7266,info@kidstherapyconnection.com
10002,info@kidstherapyconnection.com
6669,kids_care2013@hotmail.com
8865,info@kstherapy.net
9418,intake@kidztz.com
7421,intake@kidztz.com
10058,kindkidstherapy@gmail.com
9370,info@kindcaretherapy.com
8963,info@kindmcd.com
9482,tonyc@kinetixpt.com
9476,tonyc@kinetixpt.com
9530,drsmith@kinofitpt.com
7465,danielasuarezms@gmail.com
7500,info@kiwibxtherapy.com
9627,contact@knightspt.com
9323,info@koalaaba.com
10376,support@kokorocare.org
7213,therapy@konfettikidz.com
6862,ecakmmphd@gmail.com
9451,info@kruperformance.com
5822,info@kyocare.com
9711,clinic@lakelandmedicalmassage.com
8877,admin@lakelandpsych.com
8821,info@caringtherapistsofbroward.com
9339,shine@lampposttherapy.com
10114,info@therapyfl.com
10342,info@larcleecounty.org
10197,katherine@larrochehelpinghands.com
6720,username@host.com
9545,info@leptclinics.com
7001,info@leadingpathwaysaba.com
6037,info@leadingpathwaysaba.com
9230,contact@leapstartherapy.com
10387,info@learnary.com
9103,mike@learningcurvecounseling.com
6741,info@liftfl.org
8600,oruepsych@gmail.com
6801,oruepsych@gmail.com
7405,info@ltaw.net
6751,info@ltaw.net
10000,info@lemoncitycollective.com
6867,ltmtherapycenter@gmail.com
6605,ltaiholistichealing@gmail.com
7117,admin@letstalkcounselingandservices.com
7642,info@letstalkpsychiatry.com
8573,lifedevelopmentalcenter@gmail.com
6515,lifedevelopmentalcenter@gmail.com
9935,info@lifeinmotion-therapy.com
6595,drheidi@lifeskillsdevelopment.com
9282,sebastian@aldusleaf.org
7359,sebastian@aldusleaf.org
10227,referrals@lifecaretherapy.com
5833,lifescapeinfo@protonmail.com
9120,info@abaforlifeskills.com
9302,office@lifeskillscenter.com
8436,info@lighterlivingcounseling.com
8873,contact@lighthousebh.net
10047,admin@lighthouseptp.com
9729,admin@lighthousepilatesandpt.com
9344,lighthousetherapyfl@icloud.com
6813,alex@lightsidepsych.com
7489,info@llminds.com
7264,lindaraycenter@miami.edu
9306,info@linketherapy.com
9181,intake@littleangelsppec.com
9275,intake@littleangelsppec.com
7201,tampa@littlebluebeesbehaviortherapy.com
10007,info@littlechampsppec.com
10042,info@littlechampstherapy.com
7202,littledreamersppec@gmail.com
6704,info@littleeatersfl.com
10113,littleexplorerstherapy@gmail.com
7504,littleheroestherapyservicesinc@gmail.com
7005,krasi.konstantinova@americaneagle.com
7103,krasi.konstantinova@americaneagle.com
6954,krasi.konstantinova@americaneagle.com
9559,littlemovers.us@gmail.com
7452,littlepuzzles.bc@gmail.com
10305,fdesk@littlestartherapy.net
6749,fdesk@littlestartherapy.net
10046,info@littlestepsfl.com
6640,therapy@mylittletalkers.com
5760,info@littleteslapediatrics.com
5781,info@littleteslapediatrics.com
7385,info@livingsoulllc.com
6913,info@lookuptherapy.com
7321,lookingforwardcounseling@outlook.com
6836,kathryn@lotusmooncounseling.com
10061,pedikids@yahoo.com
9141,soporte@webador.es
6975,yvonka@lovinglifetoday.com
7305,admin@luminescencecounseling.com
7279,ajeffries@macdonaldcenter.org
7143,macy@macygrimtherapy.com
9382,admin@maddentherapysolutions.com
6919,admin@magicbehavioral.com
9616,magnoliamedicalcenterpt@gmail.com
10141,inquiry@magnoliaridgerehab.com
6687,mariadalrymple61@gmail.com
9455,info@masmedrehab.com
9030,mike@masterpiececounseling.org
9664,charis.hamilton@maternalfitpelvicpt.com
9277,info@matterofspeechtherapy.com
6785,info@matterofspeechtherapy.com
7185,info@mcguirerecovery.com
9097,info@meadowbrookcentre.org
7158,info@measuringminds.org
9801,medicalfitness@mhs.net
7010,info@merakibehaviortherapy.com
10130,miriamg@miamipta.com
10131,diana@miamirehabpt.com
9596,dbilodeau@toc.md
9752,dbilodeau@toc.md
9751,dbilodeau@toc.md
9398,info@milestoneschildrenstherapycenter.com
9033,services@milieuchild.com
9798,complaints@mpgus.com
8876,mindfulconnections.aba@gmail.com
9396,mindfuloccupationaltherapy@gmail.com
8543,info@miraclesrc.com
6530,hello@rfuenzalida.com
9888,cindy@mobiletherapygroup.com
6552,cindy@mobiletherapygroup.com
6032,molly@modernmindscounseling.com
7138,hello@moldingminds.net
8503,info@mistherapy.com
6707,info@morethanspeechfl.com
9136,speechtherapist@outlook.com
9029,mormindful@outlook.com
7460,team@latofonts.com
7376,therapy@mosaiccreativecounseling.com
6709,hello@mosaicpsychiatry.com
9714,frontdesk@motionrxhealth.com
9663,frontdesk@motionrxhealth.com
9661,chmotionpropt@gmail.com
10170,impallari@gmail.com
7454,otptscheduling@gmail.com
9486,rosemarie@movemed.com
9546,info@movementdriven.com
6774,multilingual@mpcipbc.com
7047,office@myautismconnection.net
10011,mbwtherapy@mybigworldmiami.com
9284,info@mykidtherapycenter.com
7069,info@mykidtherapycenter.com
9325,info@mykidtherapycenter.com
6992,info@mykidtherapycenter.com
9069,info@myoptimalchild.com
6612,therapyspotco@gmail.com
6721,mywordspeechtherapy@gmail.com
10347,info@nathanielshope.org
7317,info@allianceforeatingdisorders.com
9278,jobs@nationwidetherapygroup.com
9437,mail@nauptwellness.com
9867,info@neurofit360.com
9225,rkevlin@neurospeechhealers.com
6587,info@neurorisebehavioral.com
7361,contact@neurospatms.com
7208,info@newagepsychiatry.com
7262,newbeginningtherapycenter@yahoo.com
7182,ndcclakeland@gmail.com
7087,john@newhopeintervention.com
10470,info@nhsdi.org
8994,info@nexoaba.com
9691,cristyobregon@nextgenpt.net
7120,info@nextstepfitness.org
9389,info@northflspeech.com
10111,northstarppec@gmail.com
6646,info@novalunamentalhealth.com
7283,hello@oak-therapy.com
7092,info@oaksfamilycounseling.com
8780,becca@oasismindlab.com
9895,info@oasistherapycare.com
9874,info@oasistherapycare.com
8874,information@gooca.org
8486,nicole@oceansidefamilytherapy.com
9681,anne@kane-design.com
8810,intake@oceanvistacounsel.com
9296,jp@jppediatrictherapy.com
10408,info@onebehavior.com
9968,referrals@physnet.com
9285,doc@onyxfitnesstherapy.com
9936,centralreferral@theoppt.com
9967,centralreferral@theoppt.com
9959,centralreferral@theoppt.com
9960,centralreferral@theoppt.com
9937,centralreferral@theoppt.com
9726,lissan@optimizeptsport.com
9319,info@optimumaba.com
6957,info@optimumaba.com
9516,oreophysicaltherapy@therapysecure.com
9490,dr.nicole@orlandocityhealth.com
9641,dr.nicole@orlandocityhealth.com
9650,brandon@orlandomovement.com
6914,impallari@gmail.com
9300,office@otogether.org
9811,info@otwellness4u.com
9254,melanieshea@ourspeechgarden.com
9662,inquiry@paleyinstitute.org
7181,info@pbbhw.com
6950,admin@palmbeachsos.com
9577,coopercity@palmrehabcenter.com
9572,coopercity@palmrehabcenter.com
9369,hello@palmtreespeech.com
8818,paloma@palomaspeechtherapy.com
9140,contact@papillonhealthandwellness.com
9454,info@parcpt.com
6520,melissa@parklandot.com
9617,info@pathmedical.com
10354,info@pathmedical.com
10381,info@pathmedical.com
8667,info@pathwaytopurposecareservices.com
7390,office@pathwaywellness.com
9290,info@pathways411.com
6376,myesha@peaceandhealingtherapy.com
9618,info@pompt.net
9537,cody@peakmovementpt.com
6820,info@pandpchiro.com
7258,info@pensoftampabay.com
9192,info@feeding.com
9392,kristina@pediatricpotentialstherapy.com
9373,info@pediatricpotentials.com
9200,info@pediatricsunshinetherapy.com
10382,kelly@ptherapyconnections.com
9383,info@pediatrictherapylinks.com
10240,michelle@pediatrictherapysolution.com
9933,info@pedikidz.com
9431,info@peekabooppec.com
9755,drpatrick2016@gmail.com
9447,drpatrick2016@gmail.com
9962,chrissy@pelvic-solutions.com
6619,info@perspectivesanewtherapy.com
9735,mike@strategicwebdesigns.com
9453,info@ptcmiami.com
9439,ptaosf@yahoo.com
9604,info@ptgroupofflorida.com
9679,info@ptgroupofflorida.com
9894,brickell@physicaltherapynow.com
9806,brickell@physicaltherapynow.com
9813,brickell@physicaltherapynow.com
9889,brickell@physicaltherapynow.com
9943,brickell@physicaltherapynow.com
9814,brickell@physicaltherapynow.com
9802,brickell@physicaltherapynow.com
9877,brickell@physicaltherapynow.com
9841,brickell@physicaltherapynow.com
9803,brickell@physicaltherapynow.com
9954,brickell@physicaltherapynow.com
9878,brickell@physicaltherapynow.com
9926,brickell@physicaltherapynow.com
9939,brickell@physicaltherapynow.com
9942,brickell@physicaltherapynow.com
9849,brickell@physicaltherapynow.com
9953,brickell@physicaltherapynow.com
9471,info@ptprofessionals.net
9470,info@ptprofessionals.net
9552,info@jaxtherapy.com
9426,manager@physicaltherapytime.com
9737,info@physicalone.com
9423,info@physicalone.com
9569,info@physiohealingtherapy.com
9639,eric@pt-works.com
9529,info@physiquetherapy.com
9723,lauren@physwellrehab.com
7527,info@mypieces.org
6838,info@playandlearntherapy.com
7062,info@playwellnesscenter.com
9089,admin@playpalskids.com
9293,info@playfulpathspeds.com
7289,info@playfulpathstherapy.com
9677,assistant.pohlmanpain@gmail.com
9356,office@pontevedraspeech.com
7384,positivefamilypartners@gmail.com
9271,impallari@gmail.com
8898,info@possibilitiesbs.com
9956,admin@potentiatherapeutics.com
7431,bethany@powerful-principles.com
9188,info@ppecpb.com
6809,jprather@pratherbhc.com
9122,questions@ocps.net
7024,office@precisionfamilytherapy.com
9561,info@premierptjax.com
9667,info@ptandsportstherapy.com
9576,premier@mypthc.com
9686,frontdesk1@premierwellnesscenters.com
9096,laura@presbyteriancounseling.com
9129,presentmindllc@gmail.com
6818,prestigebehavioralcenter@gmail.com
9705,info@primept1.com
9456,eugene@primesportspt.com
8893,mlawrence@primrosecenter.org
9028,info@prismeac.com
7407,prismabehavioralcenter@gmail.com
9013,shavonneslp@proclaim-services.com
9001,info@prodigyautism.com
9207,frontdesk@profspeechcs.hush.com
9892,%20pinecrest@progressivetherapy.net
10471,info@projectchance.com
9328,info@projectspeechtherapy.com
7457,info@proudmomentsaba.com
9162,psspeechservices@gmail.com
9767,info@pslhealthcenter.com
6631,psychprocenters@gmail.com
6868,ysorsher@aol.com
9672,help@thepthustle.com
10067,brandon@ptsolutions.com
10033,brandon@ptsolutions.com
10032,brandon@ptsolutions.com
10070,brandon@ptsolutions.com
10207,brandon@ptsolutions.com
10069,brandon@ptsolutions.com
10172,brandon@ptsolutions.com
10173,brandon@ptsolutions.com
10184,brandon@ptsolutions.com
10200,brandon@ptsolutions.com
10034,brandon@ptsolutions.com
10049,brandon@ptsolutions.com
6976,brandon@ptsolutions.com
7179,brandon@ptsolutions.com
10266,brandon@ptsolutions.com
10139,brandon@ptsolutions.com
10204,brandon@ptsolutions.com
10215,brandon@ptsolutions.com
10037,brandon@ptsolutions.com
10212,brandon@ptsolutions.com
10203,brandon@ptsolutions.com
10270,brandon@ptsolutions.com
10142,brandon@ptsolutions.com
10068,brandon@ptsolutions.com
10177,brandon@ptsolutions.com
10066,brandon@ptsolutions.com
10076,brandon@ptsolutions.com
10214,brandon@ptsolutions.com
9553,stephanie@ptworksfl.com
6995,contact@sansoxygen.com
10241,kelly@purposefulplaypediatrictherapy.com
8559,info@puzzleboxacademy.com
6903,info@puzzleboxacademy.com
7542,janeen@puzzlepeacecounseling.com
7343,info@puzzletherapyservices.com
9736,contactqc@qckinetix.com
9660,contactqc@qckinetix.com
9189,qlhkids@gmail.com
8891,tquarles@quarlesmacf.onmicrosoft.com
6644,contact@questinc.org
5808,contact@questinc.org
10360,contact@questinc.org
6763,contact@questinc.org
5835,contact@questinc.org
7184,impallari@gmail.com
6804,rachelaz@bellsouth.net
7491,info@raileyassociates.com
10057,info@rbkids.net
9646,ramfitleslee@gmail.com
9090,jess@rapidspeechtherapyllc.com
7286,ashley.bryant@re-writtencounseling.com
7126,ashley.bryant@re-writtencounseling.com
9704,info@realrecovery850.com
9393,corporate@reborntherapycenter.com
9719,jaxbeach@reboundrehab.com
9558,jaxbeach@reboundrehab.com
9725,jaxbeach@reboundrehab.com
9724,jaxbeach@reboundrehab.com
9556,jaxbeach@reboundrehab.com
7364,info@redhillscounselingcenter.com
9510,info@redemptionphysicaltherapy.com
9124,info@reflectionhealthgroup.com
9484,info@regional-rehab.com
9764,info@rehabspotpt.com
9509,ross@rossdpt.com
9438,info@rrremarkable.com
8863,robin@rensocounseling.com
6990,info@renaserwpb.com
6492,info@renewedic.com
9496,info@renewedwellness.net
6726,rchc@rescare.com
6575,resiliencebh@gmail.com
10176,info@restorativesolutionsfl.com
10255,restorativespeechservicesinc@gmail.com
6539,restorativespeechservicesinc@gmail.com
5815,frontdeskfl087@restore.com
6883,revivecounselinggnv@gmail.com
9582,hello@revivephysiotherapy.com
9966,info@reviverehab.com
9532,charlie@getrewiredtoday.com
6932,info@thearctb.org
9311,riseandthriveot@gmail.com
7302,info@risingcalm.com
7183,info@risinglotuscenter.com
6998,riversedgedaytrainingprogram@yahoo.com
9421,raul@rmphysio.com
8998,admission@roarcbt.com
9201,robin@rbestspeechtherapy.com
6641,e235a51493534e1d9eeec1daab3ecd5a@rmhcswfl.org
9690,info@rootedmiami.com
9308,megan@rubybeach.org
9773,dr.rachelwaugh@gmail.com
6698,info@sabalpalmpsychology.com
6918,alex.y@sacredaba.org
9565,hello@sacredtherapy.space
7362,yaisysade@sadebehavior.com
7135,info@gainesvillesage.com
9199,hdlinville@gmail.com
9213,e.kilgore@sandpiperslp.com
8527,info@sanfordpelvictherapy.com
10351,info@santiagoandfriends.com
8041,info@ehsfamily.com
8480,admiss@scottlakerehab.com
6645,info@seedsofhopebh.com
7153,admin@selfloveharbor.com
6606,drcoralissolomon@gmail.com
7108,sensationalstudentsot@gmail.com
9387,office@senseablebrain.com
8864,info@sensorykidztherapy.com
9741,info@experiencesensory.com
9345,info@laurentheotr.net
6796,info@sensorystationtherapy.com
7260,hello@serenemindpsych.com
6573,alexandravaganova@gmail.com
9457,info@southfloridacenters.com
6689,contact@shootingstarsaba.com
9391,danielle.giarratano@shorsrehabservices.com
9656,info@shprehab.com
8516,ingrid@sidebysidebh.com
8886,info@silverliningfl.com
8645,info@beyondspeakingrehab.com
9378,ashtyn@simplespeechtherapyfl.com
10054,info@sbforkids.com
10209,manager@skillpointtherapy.com
10256,manager@skillpointtherapy.com
8023,info@skylightcounselingservices.com
9501,team@sloanestecker.com
9747,team@sloanestecker.com
9385,slpmiamitherapy@gmail.com
6858,impallari@gmail.com
9198,info@smalltalkjax.com
9173,info@smalltalkjax.com
7023,office@smartbatherapy.com
9549,info@smartbodypt.com
7130,info@smartendeavorsaba.com
6944,socialcareservices@gmail.com
6568,winterpark@sofive.com
9174,carolineplyas@gmail.com
9564,info@soflopt.com
9605,info@soflopt.com
9782,info@soflopt.com
9355,hr@sojornecare.com
6917,info@solutionstherapyandlearning.com
9068,office@soscc.info
9376,admin@sostherapygroup.com
6072,info@southfloridaaba.org
7448,info@southfloridaaba.org
7265,info@southfloridabehavior.com
7301,info@counselingsoflo.com
6934,info@counselingsoflo.com
9946,billinginquiries@southflaortho.com
9881,billinginquiries@southflaortho.com
10106,info@sfloridarehab.com
9167,info@southfloridaspeechpartners.com
9195,info@southflspeech.com
9452,info@southmiamisportsmedicine.com
6974,info@indiantypefoundry.com
10467,info@dogsinc.org
9352,info@southshorebilingualtherapy.com
7440,kimberlyrogers55@protonmail.com
7115,micah@micahrich.com
10213,hello@sparkpediatrics.com
10062,hello@sparkpediatrics.com
10117,hello@sparkpediatrics.com
6714,crovinski@speakoutsidethebox.com
8142,spequestrians@gmail.com
6879,shbcenter18300@gmail.com
9186,info@specialkidsspeech.com
10017,info@snsnursing.com
9098,info@spcppec.com
7192,info@spcppec.com
7057,office@therapyssc.com
6842,info@stagheaddesigns.com
7240,info@spectrumtherapycare.com
9184,info@speechwestpalmbeach.com
9395,speechtherapy305@gmail.com
6773,speechtherapy305@gmail.com
9367,admin@speechavenues.com
7172,niki@slp.rehab
9221,info@slmspeech.com
9242,info@slmspeech.com
8556,info@creativetherapysolution.com
7396,info@speechmatters239.com
9279,info@speechpathologytampabay.com
9368,info@spcg.us
9298,admin@speechpathwayssj.com
9193,alexiak@speech-therapycenter.com
9229,info@speechwithoutlimitstx.com
10405,speechworldfl@gmail.com
9394,info@speechbuilders.org
9178,contact@sansoxygen.com
9245,contact@sansoxygen.com
9194,info@speechrx.org
9336,info@speechwisetherapy.com
9307,tampa@spellers.com
9571,drjill@spinalworx.com
8470,info@ptandpainrelief.com
7323,info@abaspringhealth.com
9342,info@sproutlingsspeech.com
9272,lalarcon@sq1behavioral.com
10556,office@stjohnviera.org
6538,staceyhoaglund@gmail.com
9227,startherapyservices@gmail.com
7077,info@startingpointecounseling.com
9340,info@steamearlyinterventions.com
10198,info@stepbystepppec.com
6518,referrals@stepbystepbh.com
8936,admin@steppingforwardaba.com
7474,info@sskidstherapy.com
9330,info@sskidstherapy.com
9363,info@sskidstherapy.com
7487,stepstherapycenter@gmail.com
10397,info@stillwater-therapy.com
9659,sttpdn@gmail.com
6987,clientintake@strategiesincaba.com
8481,johndoe@mail.com
8499,johndoe@mail.com
9536,sylladies@gmail.com
8492,marketing@crisiscenter.com
7211,carrollwood@successonthespectrum.com
9259,genaya@sundropkids.com
9348,impallari@gmail.com
7429,info@sunlightspeechfl.com
6859,office@sunnypediatricservices.com
9241,nking0427@gmail.com
8602,office@sbhss.net
9976,contact@sunrisehc.com
6498,services@sunrise-therapy.com
8504,gcrombie@sunshinepediatricdaycenter.com
7670,gcrombie@sunshinepediatricdaycenter.com
10053,info@sunshineptc.org
8625,info@indiantypefoundry.com
8937,office@sunshine-spot.com
9403,info@sunshinetherapies.org
6592,info@sunshinetherapies.org
9315,info@mysunshinetherapy.com
9350,info@superherospeechtherapy.com
6692,411skcenter@gmail.com
10389,admin@supportiveengagement.com
6548,eben@eyebytes.com
8469,relationshipbuilderslakeland@gmail.com
6945,psychebonysutton@gmail.com
7248,carrie@swancityspeech.com
9256,brittany@sweet-speech.com
6886,info@swflspeechtherapy.com
9362,info@swflspeechtherapy.com
10377,admin@ptmiami.com
9715,info@takecontrolphysicaltherapy.com
6374,info@talcmhc.org
9401,info@tttpediatrictherapy.com
9224,taylorisaac@gettalkingwithtaylor.com
6534,john@doe.com
9796,tampabayspeech@gmail.com
10206,tampachoicetherapy@outlook.com
7464,tampakidstherapy@gmail.com
8519,welcome@tampapediatricpsychology.com
6705,telefunspeech@gmail.com
10116,contact@tcms.care
9632,terlepappointments@gmail.com
6847,info@ambrosiatc.com
9332,info@alfanocenter.com
7022,info@tancinc.org
8517,cdaniels@arcalachua.org
7152,info@arcflorida.org
7402,achievewithus@arcvolusia.org
8557,achievewithus@arcvolusia.org
6884,info@thearctbf.org
6829,tarahruby1314@gmail.com
7275,hello@the-behaviorists.com
10205,contact@thebluedoorwellness.com
8887,support@thebluejourneybts.com
9464,drjanelle@thebodymechanicstherapy.com
6038,info@indiantypefoundry.com
6497,andres@cpcshollywood.com
6603,mtlundell@tcaofvolusia.org
9631,wecare@floaatcenter.com
6527,tellus@thefranzcenter.com
7369,contact@sansoxygen.com
10372,stephanie@thegardencounseling.info
7159,info@thehartmanncenter.com
6745,ptsdsolutionstherapy@gmail.com
7349,info@kellybehavioralinstitute.com
9187,impallari@gmail.com
9203,westmelbourne@tlechildcare.com
7056,info@tlhproject.com
7673,info@tlhproject.com
8853,samantha@thelittleyearstherapyco.com
9697,info@themilestonementor.com
6973,admin@the-mindful-practice.com
7332,jrapp@the-missing-peace.net
9734,casey@mvmt-mthd.com
7674,info@needsctr.org
9304,info@theneurohub.com
6589,info@thenookcenter.com
7228,info@olivetreepsychology.com
6545,office@orchardaba.com
9347,pediatricfeedinginstitutefl@gmail.com
9689,micah@micahrich.com
9488,admin@therightbalancept.com
9698,contacts@trspinalclinic.com
7388,thescottcenter@fit.edu
6940,info@sonderautism.com
8497,heronlakeschiro@gmail.com
7415,stephanie@speak2metherapy.com
9364,stephanie@speak2metherapy.com
10155,admin@thetherapyplace.com
7242,info@thetherapyplacefl.com
7061,info@therapytreemiami.com
6012,office@thevictoryschool.org
9217,info@therabuddiesfl.com
9566,info@theracave.com
10217,info@deafhhsfla.org
9123,info@therapeuticendeavors.com
7573,info@arcsj.org
9379,hello@therapeutictreehouse.com
9419,info@therapies4kids.com
6519,info@therapies4kids.com
10107,info@therapies4kids.com
9163,therapiesplusllc@gmail.com
10273,info@therapisttoyou.com
10162,office@theraplayathome.com
8068,info@mytamail.com
9417,info@mytamail.com
10271,info@therapycare.com
10178,contact@therapyplayhouse.org
6594,%20admissions@therapytreatmentteam.com
8613,bwhite@therapywest2.com
7756,hearforyou@therapywithalyse.com
6849,hearforyou@therapywithalyse.com
9861,kenyetta.morales@gmail.com
9233,info@theravolvewellness.com
8530,tresaslp@thinkspeechllc.org
7225,veronica.c@tkidst.com
9635,info@thomasphysicaltherapy.com
7040,djnorgan@thoughtfulcounseling.net
9216,info@fi-florida.org
8892,info@thrivebehavioraltherapy.com
8426,info@thrivechildpsych.com
6830,admin@thrivepsychological.com
10077,hello@thrivetherapytally.com
9231,info@thrivingjoy.com
8856,dkabinu@gmail.com
9313,info@time2thrivekids.com
6503,info@tinywondersspeech.com
9928,admin@tlcpediatrictherapy.com
7257,admin@tlcpediatrictherapy.com
6912,cb3@tmzbehavioralcare.com
9671,info@totalvitalitymedical.com
8816,kalen@transformativetherapysolutions.com
6586,impallari@gmail.com
8520,info@mysite.com
6854,info@mysite.com
9761,treeofliferehab@gmail.com
6805,info@tchsonline.org
9730,info@triptnow.com
9636,triumphpt413@gmail.com
9625,info@tropicathlete.com
7290,info@autismspecialtygroup.com
6771,info@autismspecialtygroup.com
7408,admin@twoheartsaba.com
6623,sdl@phhp.ufl.edu
8518,unitedfamilyaba@gmail.com
7363,info@unpolishedparenthood.com
6491,abc@xyz.com
8044,info@upwardtrendacademy.com
9586,csin@bellsouth.net
9567,info@usasportsmedicine.com
9621,info@usasportsmedicine.com
9562,info@usasportsmedicine.com
9615,info@usasportsmedicine.com
9753,info@usasportsmedicine.com
9622,info@usasportsmedicine.com
9607,info@usasportsmedicine.com
9613,info@usasportstherapy.com
5879,info@utterbrilliancetherapy.com
9885,kbeauregard@premier-therapy.com
7142,info@vibewelltherapy.com
7002,contact@victorybrt.com
7154,contact@victoryliving.org
6797,info@villagecounselingcenter.net
10164,visserspt@gmail.com
7017,info@vitalitywellness.com
8524,support@vitalitykidscg.com
6924,administration@vivatherapymiami.com
6596,bgscreen@ahca.myflorida.com
7430,info@voyagecounseling.org
9023,watsonswayaba@gmail.com
6783,info@wavesbehavioral.com
9019,info@wecaresupport.org
7149,verifyadmissions@welevelup.com
9850,info@weekswellness.com
9575,support@wellcarerehab.com
9600,info@wellspringshealth.net
8948,questions@capitalcitypsychiatry.com
9533,info@tampabayphysicaltherapy.com
9534,info@tampabayphysicaltherapy.com
6686,info@woym.net
9754,admin@wholisticmotus.com
10234,wildflowerpediatrictherapyfl@gmail.com
9094,contact@williamsburgtherapygroup.com
8900,amkryukov@gmail.com
6915,wcbtherapy@gmail.com
10188,wonderkidsppec@gmail.com
9106,info@ccssolarsolutions.com
6493,sandra@worthadvocacy.com
9581,info@xlphysicaltherapy.com
9588,info@xlphysicaltherapy.com
9433,nikitan@xpesportsmedicine.com
7367,yesofamericaunited@gmail.com
7071,concerns@suncoastymca.org
7253,frontdesk@abaunus.com
9795,youngbodyrehab@gmail.com
10391,drmir@yourmindc.com
7962,youthnactionfitness@gmail.com
